,Unnamed: 0.1,Unnamed: 0,TICKET_ID,LIBELLE
0,0,0,35592159,GD JDM4 PAMPLEMOUSSE FL 200ML
1,1,1,35592159,GD JDM4 PAMPLEMOUSSE FL 200ML
2,2,2,35592159,CR JR PARF BIO.SPE AC.SENT.50ML
3,3,3,35592159,EAU MICELLAIRE 3 THES FL200ML
4,4,4,35592159,GD JDM4 TIARE FL 200ML
5,5,5,35509899,EDT  UN MATIN AU JARDIN  100ML  MUGUET
6,6,6,35509899,LAIT VELOUTE COCO PN2 400ML
7,7,7,36417517,GD LILAS FP FL200ML
8,8,8,36417517,GD LILAS FP FL200ML
9,9,9,36417517,GD LILAS FP FL200ML
10,10,10,36417517,LAIT LILAS FP FL200ML
11,11,11,36417517,LAIT LILAS FP FL200ML
12,12,12,36417517,EDT UN MATIN AU JARDIN 100ML LILAS
13,13,13,36417517,EDT UN MATIN AU JARDIN 100ML LILAS
14,14,14,33002894,RAL BRILLANC GEL/PRALIN CN3 2G
15,15,15,33064616,CR JOUR PX/MIX HYDRA/VEG P50ML
16,16,16,33064616,CREME MAINS CACAO ET ORANGE 75ML
17,17,17,33534570,GD AGRUMES FP FL 200 ML
18,18,18,33534570,LISSAGE AP SHAMPOING LISSANT 150ML SVC
19,19,19,33534570,VAO CERISE NOIRE 32 LUM4 3ML
20,20,20,32975823,GD 200ML AMBRE NOIR
21,21,21,32975823,x99SS GELEE FRUITS VANIL PN2 10ML
22,22,22,32975823,GLM 300ML CACAO ET PISTACHE
23,23,23,32975823,LAIT CORPS 300ML CACAO  PISTACHE
24,24,24,32995003,GD JDM GRENADE FL200ML
25,25,25,34233630,SVC REP LAIT REP T150ML
26,26,26,34233630,BLUSH SOLEIL CUIVRE ETE14 ANI LU4 2G
27,27,27,34233630,RAL BRILL MARRON GLACE12 CN3 3.5G
28,28,28,34233630,RAL BRILL CERISE NOIRE52 CN3 3.5G
29,29,29,32983494,SVC PIEDS SOS P ECHAUF T50ML
30,30,30,32983494,GD AGRUMES FP FL 200 ML
31,31,31,32983494,GD AGRUMES FP FL 200 ML
32,32,32,32983494,MSQ CRANBERRY BTE CROQUER T50
33,33,33,33347114,UMAJ GD CERISIERS FL200ML
34,34,34,33347114,EDT UN MATIN AU JARDIN 100ML ROSE
35,35,35,33347114,GD ROSE FP FL200ML
36,36,36,33347114,LAIT ROSE FP FL200ML
37,37,37,33347114,LAIT CORPS CERISIER UMAJ FL200ML
38,38,38,33347114,EDT  UMAJ  100ML  CERISIERS EN FLEURS
39,39,39,34416634,BIO BAUME LEVRES REPARATEUR 10ML
40,40,40,34416634,FRAICHEUR CHEVREF EDC 125ML
41,41,41,34416634,BIO DEO FRAICHEUR BILLE FL50ML
42,42,42,34416634,GEL DOUCHE ETE 2014 200 ML
43,43,43,34416634,BIO FLUIDE REVEIL REGARD TB15ML
44,44,44,34416634,BAUME TRAD DE HAM P150ml
45,45,45,34743982,HUILE DOUCHE TRAD DE HAM. FL200ML
46,46,46,34743982,SH. DOUCHE NATURE HOMME 200ML
47,47,47,34773724,BIO NUTR VISAGE CULT BIO2 50ML
48,48,48,34773724,SVC NUTRITION SH 300ML
49,49,49,34773724,GD AGRUMES FP FL 200 ML
50,50,50,34773724,BIO GOMMAGE  CORPS T150ML
51,51,51,34773724,HYDRA LAIT DEMAQ FL200ML
52,52,52,34773724,REPACK CONTOUR YEUX RC2 P15ml
53,53,53,34773724,HUILE DOUCHE TRAD DE HAM. FL200ML
54,54,54,34773724,FAP DUO 2012 CN3 3G PRUNE ET TAUPE PDRE
55,55,55,34773724,FAP MONO 2013 CN3 ORANGE FLASH MAT  2G
56,56,56,34773724,BD FRAISE PN2 FL400ML
57,57,57,34773724,BAUME LEVRES HYDRA 4G
58,58,58,34773724,BAUME LEVRES REPAIR 4G
59,59,59,34773724,"FAP MONO 2013 CN3   2,5G   ROSE NUDE"
60,60,60,34773724,LISSAGE AP SHAMPOING LISSANT 150ML SVC
61,61,61,33153030,GD VANILLE COLLECTOR 750ML 2013
62,62,62,33153030,SVC CREME QUOTIDIENNE T75ml
63,63,63,33153030,GD FL200ML JDM PAMPLEMOUSSE
64,64,64,33153030,GD JDM4 ORANGE FL 200ML
65,65,65,33153030,CD JDM4 COTON  FL 200ML
66,66,66,33060931,BIO LAIT ONTUEUX DEMAQ 200ML
67,67,67,33060931,DEMAQ+TONIQUE PC 200ML
68,68,68,33913524,EDT UN MATIN AU JARDIN 100ML LILAS
69,69,69,33913524,"RAL CORAIL 22 LUMINELLE4 3,5G"
70,70,70,33913524,EDT VAPO 75ML HOGGAR
71,71,71,33913524,SVC CREME QUOTIDIENNE T75ml
72,72,72,33423427,BAUME LEVRES NOIX DE COCO 4G
73,73,73,34029142,"RAL GRAND RGE ROS/EQUIV73 CN3 2013 3,7G"
74,74,74,34029142,SVC REP LAIT REP T150ML
75,75,75,33062659,DEO AERO SENTEUR NATURE 75ML
76,76,76,33062659,UMAJ LAIT MUGUET FL 200ML
77,77,77,33062659,GD FLEUR DE TIARE JDM3 200ML
78,78,78,33062659,UMAJ GD MUGUET FL 200ML
79,79,79,33062659,GD JDM4 ORANGE FL 200ML
80,80,80,33456754,EDC FRAICHEUR VERVEINE 125ML
81,81,81,33526997,DEO AERO SENTEUR NATURE 75ML
82,82,82,33526997,FRAICHEUR CHEVREF EDC 125ML
83,83,83,33609672,"MASCARA BEAUTE NOIR 81 LUM4 6,5ML"
84,84,84,33609672,GD FL200ML JDM PAMPLEMOUSSE
85,85,85,33609672,GD JDM4 ORANGE FL 200ML
86,86,86,33923246,GEL NETT HYDRA VEG T125ML
87,87,87,34205098,BAUME LEVR SENT FRAMBOISE 4G
88,88,88,34205098,BAUME LEVRES VANILLE 4G
89,89,89,34358800,GD JDM4 PAMPLEMOUSSE FL 200ML
90,90,90,34358800,GD JDM4 ORANGE FL 200ML
91,91,91,34391033,EDC FRAICHEUR VERVEINE 125ML
92,92,92,34417657,GD JDM4 LAVANDIN DE PROVENCE 200ML
93,93,93,34417657,CD JDM4 COTON  FL 200ML
94,94,94,34437298,GD JDM4 GRENADE FL200ML
95,95,95,34437298,CD JDM4 COTON  FL 200ML
96,96,96,34551371,FRAICHEUR CHEVREF EDC 125ML
97,97,97,34828511,DEO AERO SENTEUR NATURE 75ML
98,98,98,34828511,CD JDM4 CAFE FL 200ML
99,99,99,34828511,GD JDM4 LAVANDIN DE PROVENCE 200ML
100,100,100,34828511,GD JDM4 GRENADE FL200ML
101,101,101,35040605,SVC pieds gommage T50ml
102,102,102,35040605,GEL NETTOYANT PURIFIANT 125 ML
103,103,103,35040605,GD JDM4 GRENADE FL200ML
104,104,104,35040605,GD JDM4 TIARE FL 200ML
105,105,105,35464379,CD JDM4 CAFE FL 200ML
106,106,106,35775482,EDP QQUES NOTES D'AMOUR  30ML
107,107,107,36204706,CREME MAINS FRUITS NOIRS T75 ML
108,108,108,36204706,CREME MAINS T75 ml FRUITS ROUGES
109,109,109,36204706,CREME MAINS CACAO ORANGE T75 Ml
110,110,110,36002906,"FAP MONO 2013 CN3 2,5G BRUN CACAO"
111,111,111,36002906,MASCARA DEPLOYE NOIR 01 CN3 9ML
112,112,112,36002906,CRAYON REGARD BRUN CN3 1.3G
113,113,113,36262191,GD GOMMANT PECHE T200 ML
114,114,114,36262191,CD PN POIRE CARAMEL FL50Ml
115,115,115,36262191,BD PN VANILLE FL50ML
116,116,116,36262191,BD OLIVE PN2 FL50ML
117,117,117,36262191,CUBE DE BAIN PECHE PN2 20G
118,118,118,36262191,LAIT PECHE PN2 FL50ML
119,119,119,36262191,BD PECHE PN2 FL400ML
120,120,120,36262191,BD PECHE PN2 50ML
121,121,121,36262191,BD MURE PN2 FL50ML
122,122,122,36262191,BD FRAISE PN2 FL50ML
123,123,123,36262191,EDT PN2 PECHE 20ML
124,124,124,36262191,PETIT SAVON PECHE PN 50G VPM
125,125,125,34336345,MDT SD DES LAGONS 150 ML
126,126,126,34336345,"VAO BRIL BEIG/NACR52 AX/SO CN3 5,5ML"
127,127,127,35246975,MDT SD DES LAGONS 150 ML
128,128,128,33202807,OMBRE+LINER LAPIS/LAZULI CN3 4ML
129,129,129,33202807,MASC VOLUME BRUN CN3 2009 5ML
130,130,130,33202807,EYE LINER NOIR CN3 2.5ML
131,131,131,33202807,BAUME LEVRES HYDRA 4G
132,132,132,33202807,SVC CREME NOURRISSANTE T50ml
133,133,133,33202807,GEL ANTI BRILLANCE GINS T50ml
134,134,134,33365681,BIO DEO FRAICHEUR BILLE FL50ML
135,135,135,33365681,BIO MIEL DOUCHE 200ML
136,136,136,34104461,SOIN 3en1 SENSITIVE YRmen 50ml
137,137,137,34104461,DISSOLVANT FLACON MANUC CN3 100ML
138,138,138,34104461,SVC CREME QUOTIDIENNE T75ml
139,139,139,34104461,GD JDM4 TIARE FL 200ML
140,140,140,34488567,LAIT 3EN1 PROTECTYL AP SOL FL150
141,141,141,34488567,GEL DEFATIG ENERGIE FL 50ML
142,142,142,34488567,BAUME LEVRES VANILLE 4G
143,143,143,34488567,BAUME LEVRES HYDRA 4G
144,144,144,34488567,BAUME LEVRES NUTRI 4G
145,145,145,34689069,EDP JASMIN SE VAPO 30ML
146,146,146,34689069,GEL DOUCEUR MAINS HAMAM FL300ML
147,147,147,35777902,PORTE MINE CUIVRE 06 CN3 0.3G
148,148,148,35777902,MASCARA SOIN NOIR01 2014 CN3 9ML
149,149,149,35777902,EDP FLOWERPARTY BY NIGHT 30ML
150,150,150,35777902,EDP QQUES NOTES D'AMOUR 50ML
151,151,151,36183588,PORTE MINE NOIR 01 CN3 0.3G
152,152,152,33105178,NETTOYANT DESINCRUSTANT 125ML
153,153,153,33105178,LOTION PORE MINIMIZER 150ML
154,154,154,33105178,MASQUE PURE SYSTEM T50 50ML
155,155,155,33105178,"RAL ROSE SORBET 13 LUM4 3,5G"
156,156,156,33105178,"RAL ROSE BONBON 11 LUM4 3,5G"
157,157,157,33105178,"CRAY FAP JUMB UHT ROSE/TAUP11 LU4 3,25G"
158,158,158,33692412,PORE MINIMIZING SERUM SEBOV 30ML
159,159,159,33692412,BAUME LEVRES NOIX DE COCO 4G
160,160,160,33692412,HUILE SECHE SUBLIMANTE 100 ML SVC
161,161,161,33692412,RIDES+FERMETE JOUR P50ml SV40
162,162,162,34406592,CD JDM4 AMANDE  FL 200ML
163,163,163,34406592,GD GOMMANT VANILLE T200 ML
164,164,164,34406592,MDT SD DES LAGONS 150 ML
165,165,165,34406592,HYDRA LAIT DEMAQ FL200ML
166,166,166,33187009,CD JDM4 MACADAMIA FL 200ML
167,167,167,33187009,GD JDM4 LAVANDIN DE PROVENCE 200ML
168,168,168,33187009,GD JDM4 GRENADE FL200ML
169,169,169,33187009,GD FL200ML JDM PAMPLEMOUSSE
170,170,170,32985091,GD VANILLE COLLECTOR 750ML 2013
171,171,171,32985091,GD VANILLE ED OR 400ML 2013
172,172,172,32962665,POUDRE MATITE MAT CN3 8G
173,173,173,32962665,FDT PUR LIGH BEIGE 200 TT CLAIR CN3 30ML
174,174,174,34219800,MDT SD DES LAGONS 150 ML
175,175,175,34219800,MDT HUILE SECHE PREC VPM 100ML
176,176,176,34219800,FDT PUR LIGH ROSE 200 TT CLAIR CN3 30ML
177,177,177,34819426,LAIT 3EN1 PROTECTYL AP SOL FL150
178,178,178,34819426,HUILE SECHE MDT 125 ML
179,179,179,34819426,MONOI EAU HYDRA PARF FP 125 ML
180,180,180,34819426,AB SVA BRUM EXPR CORP FL150ML
181,181,181,34819426,SVC REFLETS SH REF DOR FL200ML
182,182,182,34819432,PORTE MINE TURQUOIS 05 CN3 0.3G
183,183,183,36166298,SVC NUTRITION AP SH 150ML
184,184,184,36166298,GM 200ml FRUITS ROUGES
185,185,185,36177803,CREME MAINS FRUITS NOIRS T75 ML
186,186,186,36196481,CREME MAINS FRUITS NOIRS T75 ML
187,187,187,36196481,CREME MAINS T75 ml FRUITS ROUGES
188,188,188,36196481,BAUME NOUR LEV FRUITS NOIRS OS14 4G
189,189,189,36196481,GM 200ml FRUITS ROUGES
190,190,190,36196481,BAUME NOUR LEV FRUITS ROUGES OS14 4G
191,191,191,36244282,CREME MAINS FRUITS NOIRS T75 ML
192,192,192,36244282,DOUCH GOMMANTE FRUITS NOIRS T 200 ML
193,193,193,36244282,CR CORPS FONDANTE P150ml NOEL1
194,194,194,36290527,BAUME LEVR SENT FRAMBOISE 4G
195,195,195,36290527,LAIT MURE PN2 FL50ML
196,196,196,36290527,CUBE DE BAIN MURE PN2 20G
197,197,197,36290527,BD MURE PN2 FL400ML
198,198,198,36290527,EDT MURE PN2 20ML
199,199,199,35821503,EDP EVIDENCE VAPO 100ML
200,200,200,32985875,D LOTUS DU LAOS JDM3 200ML
201,201,201,32985875,GD JDM LAVANDIN PROVENCE FL 200ML
202,202,202,33214368,EDT VAPO 75ML HOGGAR
203,203,203,33547297,SVC DEMEL 3EN1 SH 300ML
204,204,204,34656210,GD JDM4 LAVANDIN DE PROVENCE 200ML
205,205,205,36111293,DEMAQ EXPRESS PUR BLEUET FL125ML
206,206,206,36111293,GEL DOUCHE LOVE FI 200 ML
207,207,207,34083250,VAO ROSE SORBET 12 LUM4 3ML
208,208,208,34083250,EAU DE SOIN VEGETALE 100ML
209,209,209,34083250,PORTE MINE VERT 03 CN3 0.3G
210,210,210,34083250,GLM JDM FLEUR DE LOTUS FP200ML
211,211,211,34482948,HUILE SECHE MDT 125 ML
212,212,212,34482948,MDT HUILE TIARE TRAD VPM 100ML
213,213,213,35117363,DEMAQ EXPRESS PUR BLEUET FL125ML
214,214,214,35117363,LOTION SV 2010 FL200ML
215,215,215,35117363,25 LINGETTES DEFROISSANTES SV
216,216,216,35117363,LAIT DEMAQ 2010 SV FL200ML
217,217,217,35117363,EDT  UMAJ  100ML  CERISIERS EN FLEURS
218,218,218,35117364,GD GOMMANT FRAMBOISE T200 ML
219,219,219,35117364,DEO JDM4 LOTUS FL50ML
220,220,220,35117364,GOMMAGE DOUCEUR PURE CAL 75ml
221,221,221,35464394,EDT UN MATIN AU JARD 100ML FL. D'AGRUMES
222,222,222,35464394,LAIT AGRUMES FP FL200ML
223,223,223,35464394,CR HYDRATAT SPF25 HYDR/VEG 50ML
224,224,224,35464394,EDP NEROLI SECRETS ESSENCES 30ML
225,225,225,35464394,EYE LINER NOIR 02 CN3 2.5ML
226,226,226,35464394,VAO BRILLANCE BRUN PEAU CN3 5.5ml
227,227,227,36020415,GM FRUITS NOIRS 200 ML
228,228,228,36020415,CREME MAINS FRUITS NOIRS T75 ML
229,229,229,36020415,DOUCH GOMMANTE FRUITS NOIRS T 200 ML
230,230,230,36020415,BAUME NOUR LEV FRUITS NOIRS OS14 4G
231,231,231,36020415,BAUME NOUR LEV FRUITS NOIRS OS14 4G
232,232,232,36020415,CR CORPS FONDANTE P150ml NOEL1
233,233,233,36020415,GEL LAVANT MAINS F200ML FRUITSNOIR
234,234,234,36020415,BAUME NOUR LEV FRUITS ROUGES OS14 4G
235,235,235,36020415,HUILE Pailletee150ML FUNTASTIC
236,236,236,36020415,GD Paillete 250ML FUNTASTIC
237,237,237,36020415,LINGETTES CALMILLE 2013
238,238,238,33060160,BD FRAISE PN2 FL50ML
239,239,239,33060160,GD FL200ML JDM PAMPLEMOUSSE
240,240,240,34856724,BD PN VANILLE FL50ML
241,241,241,34856724,BD MURE PN2 FL50ML
242,242,242,34856724,GD JDM4 THE VERT FL200ML
243,243,243,33066709,REPACK AR BIEN JOUR RC2 P 50ml
244,244,244,33272188,25 LINGETTES DEFROISSANTES SV
245,245,245,33272188,GEL DOUCHE FRAICHEUR VETIVER 200ML
246,246,246,33272188,SVC CREME QUOTIDIENNE T75ml
247,247,247,33615798,CD JDM4 MACADAMIA FL 200ML
248,248,248,33615798,REPACK AR BIEN JOUR RC2 P 50ml
249,249,249,33615798,GD JDM4 CIT VERT FL 200ML
250,250,250,34004412,REPACK AR BIEN JOUR RC2 P 50ml
251,251,251,34367874,BD OLIVE PN2 FL400ML
252,252,252,34367874,GEL DOUCHE FRAICHEUR VETIVER 200ML
253,253,253,34587334,CD JDM4 RIZ VIOLET FL200 ML
254,254,254,34587334,REPACK AR BIEN JOUR RC2 P 50ml
255,255,255,34587334,GEL DOUCHE FRAICHEUR VETIVER 200ML
256,256,256,34587334,GD JDM4 GRENADE FL200ML
257,257,257,34587334,GD JDM4 CIT VERT FL 200ML
258,258,258,35030348,GEL DOUCHE FRAICHEUR VETIVER 200ML
259,259,259,35030348,GD JDM4 CIT VERT FL 200ML
260,260,260,35826633,GD EVIDENCE HOMME T200ML
261,261,261,35947753,GD JDM4 CIT VERT FL 200ML
262,262,262,35947753,GD JDM4 CIT VERT FL 200ML
263,263,263,36320917,GD EVIDENCE HOMME T200ML
264,264,264,36320917,GD EVIDENCE HOMME T200ML
265,265,265,33228657,BAUME LEVRES HYDRA 4G
266,266,266,33228657,BAUME LEVRES NUTRI 4G
267,267,267,35102690,GD JDM4 GRENADE FL200ML
268,268,268,35367660,DEO JDM4 LAVANDIN FL50ML
269,269,269,33825399,VAO BLEU NUIT 51 LUMINELLE4 3ML
270,270,270,33825399,VAO BLANC PERLE03 IT/COL FEV14 LU4 3ML
271,271,271,33825399,VAO VERT CANARD 61 LUM4 3ML
272,272,272,33240272,VAO BRIL ORANGE CHAUD43 ETE13 CN3 5.5 ML
273,273,273,34100155,SVC DOUCEUR SH 300ML
274,274,274,34100155,SVC ANTIPELL SH TRAITANT FL200ML
275,275,275,35435672,SVC SHAMP ANTIPEL FL300ML
276,276,276,35435672,DEO 100ML   AMBRE NOIR
277,277,277,36130606,"VAO BRIL CERISE NOIRE113 ETE14 CN3 5,5ML"
278,278,278,33483238,UMAJ GD CERISIERS FL200ML
279,279,279,33483238,LAIT CORPS CERISIER UMAJ FL200ML
280,280,280,33910856,VAO BRILLANCE ROUG/GRENAD CN3 5.5ml
281,281,281,33956681,VAO BRIL ROSE SOMPTUEUX 14 CN3 5.5ML
282,282,282,34052300,EDP  SO  ELIXIR VAPO 30ML
283,283,283,34180978,EDT  75ML COLLECTION ETE  2014
284,284,284,34180978,GD JDM4 CIT VERT FL 200ML
285,285,285,34180978,GD JDM4 ORANGE FL 200ML
286,286,286,34374175,GD GOMMANT MURE T200 ML
287,287,287,34374175,GD GOMMANT PECHE T200 ML
288,288,288,34374175,GD GOMMANT FRAMBOISE T200 ML
289,289,289,34439111,VAO BRILL 2011 ROUGE 101CN3 5.5
290,290,290,34439111,BASE ONGLES RENFORCES MANUC CN3 10ML
291,291,291,34439111,BASE ONGLES RENFORCES MANUC CN3 10ML
292,292,292,34497944,VAO BRIL ROSE SOMPTUEUX 14 CN3 5.5ML
293,293,293,34497944,GD JDM4 CIT VERT FL 200ML
294,294,294,34497944,GD JDM4 CIT VERT FL 200ML
295,295,295,34941414,VAO OMBRE POURPRE 43 IT/COL AOU14 L4 3ML
296,296,296,34941414,UMAJ GD CERISIERS FL200ML
297,297,297,34941414,VAO BLEU NUIT 51 LUMINELLE4 3ML
298,298,298,35183711,EDC THE VERT VAPO 125ML  F . V
299,299,299,35183711,EDC FRAICHEUR VERVEINE 125ML
300,300,300,35183711,GD ROSE FP FL200ML
301,301,301,35183711,GD LILAS FP FL200ML
302,302,302,35183711,CD JDM4 MAGNOLIA FL 200ML
303,303,303,35183711,BIO GEL DOUCHE ARGAN 200 ML
304,304,304,35183711,DEMAQ EXPRESS PUR BLEUET FL125ML
305,305,305,35183711,GD JDM4 LAVANDIN DE PROVENCE 200ML
306,306,306,35183711,SOS MAINS PROPRE T30ML SVC
307,307,307,35183711,GD JDM4 ORANGE FL 200ML
308,308,308,35475069,EDT EVIDENCE HOMME  VAPO 75ML
309,309,309,35475069,BASE ONGLES LISS/LUMIN MANUC CN3 10ML
310,310,310,35475069,VAO BRILLANCE ROUILLE 35 CN3 5.5ML
311,311,311,35581460,EDP QQUES NOTES D'AMOUR 50ML
312,312,312,36129395,GM 200ml FRUITS ROUGES
313,313,313,36129395,GD CACAO ORANGE 200 Ml
314,314,314,36129395,CREME MAINS CACAO ORANGE T75 Ml
315,315,315,36129395,GEL LAVANT MAINS CACAO ORANGE F200 Ml
316,316,316,36129395,CR JR PARF BIO.SPE AC.SENT.50ML
317,317,317,36442509,GEL LAVANT MAINS F200 FRUITS ROUGES
318,318,318,36442509,GEL LAVANT MAINS F200ML FRUITSNOIR
319,319,319,36442509,GEL LAVANT MAINS CACAO ORANGE F200 Ml
320,320,320,34222215,HUILE SECHE MDT 125 ML
321,321,321,34411634,AB SVA JAMBES D'ETE  T75 INTER
322,322,322,34411634,GD JDM4 LOTUS FL200ML
323,323,323,34411634,"RAL GRAND RGE VIOL/PROF23 CN3 2013 3,7G"
324,324,324,34502875,LAIT 3EN1 PROTECTYL AP SOL FL150
325,325,325,34502875,DUO PDRE HAL/MAT02 AX/SOLA CN3 20G
326,326,326,34502875,DEMAQ EXPRESS PUR BLEUET FL125ML
327,327,327,34822716,SVC REP LAIT REP T150ML
328,328,328,34822716,LAIT 3EN1 PROTECTYL AP SOL FL150
329,329,329,34822716,PDRE HAL/LEGER01 AX/SOLA CN3 20G
330,330,330,34899427,ZERO TRACE SPRAY SPF 15 FL150
331,331,331,34899427,VAO ROUGE GROSEILLE 31 LUM4 3ML
332,332,332,34899427,VAO ORANGE SANGUINE 21 LUM4 3ML
333,333,333,34899427,VAO CERISE NOIRE 32 LUM4 3ML
334,334,334,35922240,"RAL GRAND RGE VIOL/PROF23 CN3 2013 3,7G"
335,335,335,32952477,MASC WATER NOIR 01 AX/SO CN3 9ML
336,336,336,32952477,CRAYON REGARD NOIR CN3 1.3G
337,337,337,32952477,POUDRE MATITE CLAIR CN3 8G
338,338,338,34579963,EVIDENCE L' EAU 75ML
339,339,339,34579963,GD JDM4 LAVANDIN DE PROVENCE 200ML
340,340,340,34579963,GD JDM4 LAVANDIN DE PROVENCE 200ML
341,341,341,36234491,2013 GD PARFUME F200 ML EVIDENCE
342,342,342,36234491,GD JDM4 LAVANDIN DE PROVENCE 200ML
343,343,343,34971785,BIO GD FRAICHEUR FL200ML
344,344,344,33110970,"EYE LINER NOIR 81 LUM4 2,5ML"
345,345,345,34211512,LAIT 3EN1 PROTECTYL AP SOL FL150
346,346,346,34211512,"EYE LINER NOIR 81 LUM4 2,5ML"
347,347,347,34211513,LAIT 3EN1 PROTECTYL AP SOL FL150
348,348,348,34211513,"EYE LINER NOIR 81 LUM4 2,5ML"
349,349,349,35030194,"CRAY KHOL NOIR 81 LUM4 1,3gr"
350,350,350,33301607,SVC REP LAIT REP T150ML
351,351,351,33301607,SVC REP LAIT REP T150ML
352,352,352,33301607,VOILE DE TT MAT/NATUR 03 LU4 30ML
353,353,353,33301607,SVC CREME QUOTIDIENNE T75ml
354,354,354,33670635,GLOSS SEXYPULP NUDE ROSE 06 CN3 10ML
355,355,355,35993669,FRAICHEUR CHEVREF EDC 125ML
356,356,356,35993669,SVC CR MAINS ET ONGLES T75ml
357,357,357,33959881,DEO JDM4 AMANDE FL 50 ML
358,358,358,33959881,DEO JDM4 LAVANDIN FL50ML
359,359,359,33959881,DEO JDM4 COTON  FL50ML
360,360,360,33959881,BIO DEO FRAICHEUR BILLE FL50ML
361,361,361,33959881,REPACK CONTOUR YEUX RC2 P15ml
362,362,362,33959881,HUILE SECHE SUBLIMANTE 100 ML SVC
363,363,363,35104508,BIO NUT CR NUT MAINS CULT BIO2 50ML
364,364,364,35104508,BAUME JR/NT RC OMEGA 50ml
365,365,365,35104508,PORTE MINE VERT 03 CN3 0.3G
366,366,366,35104508,FAP PDRE VERT CANARD 2G  LUMINELLE 4 VPM
367,367,367,35104508,LOTION SV 2010 FL200ML
368,368,368,35271713,SVC ECLAT COULEUR AP SH 150ML
369,369,369,35271713,REPACK AR BIEN JOUR RC2 P 50ml
370,370,370,35271713,REPACK CONTOUR YEUX RC2 P15ml
371,371,371,35271713,DEMAQ EXPRESS PUR BLEUET FL125ML
372,372,372,35877061,GEL LAVANT MAINS F200 FRUITS ROUGES
373,373,373,35877061,FDT FL/MAT ROSE300 MEDIUM CN3 30
374,374,374,35877061,GEL LAVANT MAINS CACAO ORANGE F200 Ml
375,375,375,36435824,LAIT DOUCHE TRAD DE HAM FL200ML
376,376,376,36435824,BLUSH NAT MAT/ABRICOTE CN3 7G
377,377,377,36435824,GRAND SOIN RICHE CREME P75ml
378,378,378,36435824,25 LINGETTES DEFROISSANTES SV
379,379,379,34761045,GD JDM4 THE VERT FL200ML
380,380,380,34761045,GD JDM4 THE VERT FL200ML
381,381,381,34976464,CD JDM4 AMANDE  FL 200ML
382,382,382,34976464,GD JDM4 CIT VERT FL 200ML
383,383,383,34976464,GD JDM4 THE VERT FL200ML
384,384,384,34976464,GD JDM4 THE VERT FL200ML
385,385,385,33637699,UMAJ GD CERISIERS FL200ML
386,386,386,33637699,LAIT CORPS CERISIER UMAJ FL200ML
387,387,387,33637699,EDT  UMAJ  100ML  CERISIERS EN FLEURS
388,388,388,33156210,CRAYON REGARD ANTHRACIT CN3 1.3G
389,389,389,33156210,MASCARA LONG NOIR 01 CN3 8ML
390,390,390,33156210,EXFOLIANT TRAD DE HAM P150ml
391,391,391,33426074,"MASCARA BEAUTE BRUN 71 LUM4 6,5ML"
392,392,392,34205877,GEL MOUSS FL200 VERVEINE FV
393,393,393,34354641,FRAICHEUR SH DCHE CHEVREF 200
394,394,394,34354641,GEL MOUSS FL200 VERVEINE FV
395,395,395,33150739,COLLECTOR CREME DOUCEUR PC 125
396,396,396,33150739,BAUME LEVRES VANILLE 4G
397,397,397,33871856,REPACK SHP BRIL ECOLABEL 300ML
398,398,398,33871856,FEUTRE LINER NOIR 01 CN3 1.2G
399,399,399,33871856,LOTION FLORALE PC 200ML
400,400,400,34299002,VAO ROSE SORBET 12 LUM4 3ML
401,401,401,34299002,PC TEINT BEIGE MOYEN  10G LUMINELLE 4
402,402,402,34299002,BD PN VANILLE FL50ML
403,403,403,34299002,BD MURE PN2 FL50ML
404,404,404,34299002,BD FRAMBOISE PN2 FL50ML
405,405,405,34299002,VAO PARME 41 LUMINELLE4 3ML
406,406,406,34845462,CR JOUR/NUIT PC pot50
407,407,407,35304831,EDC FRAICHEUR VERVEINE 125ML
408,408,408,36028118,DEMAQ+TONIQUE PC 200ML
409,409,409,36269320,BAUME LEVR SENT FRAMBOISE 4G
410,410,410,36269320,LAIT MURE PN2 FL50ML
411,411,411,36269320,LINGETTES CALMILLE 2013
412,412,412,36269320,CUBE DE BAIN MURE PN2 20G
413,413,413,36269320,BD MURE PN2 FL400ML
414,414,414,36269320,EDT MURE PN2 20ML
415,415,415,33169206,FRAICHEUR SH DCHE CHEVREF 200
416,416,416,33169206,CR JOUR PX/MIX HYDRA/VEG P50ML
417,417,417,33169206,CR JOUR PX/MIX HYDRA/VEG P50ML
418,418,418,33169206,"PORTE MINE YX ANTHRACITE CN3 0,3G"
419,419,419,33169206,"PORTE MINE YX ANTHRACITE CN3 0,3G"
420,420,420,33169206,RetE Roll-on rajeunissant SV15
421,421,421,33998886,PORTE MINE NOIR 01 CN3 0.3G
422,422,422,33998887,CD JDM4 COTON  FL 200ML
423,423,423,34547405,PORTE MINE NOIR 01 CN3 0.3G
424,424,424,34547405,PORTE MINE NOIR 01 CN3 0.3G
425,425,425,34547405,CD JDM4 COTON  FL 200ML
426,426,426,34743383,ROLL ON REGARD ELIXIR7.9 t15ml
427,427,427,34743383,PORTE MINE NOIR 01 CN3 0.3G
428,428,428,34743383,PORTE MINE NOIR 01 CN3 0.3G
429,429,429,35907635,PORTE MINE NOIR 01 CN3 0.3G
430,430,430,35202286,REPULPEUR EXTREME  SV3 30ML
431,431,431,35202286,REPACK AR BIEN NUIT RC2 P 50ml
432,432,432,35202286,REPACK AR BIEN JOUR RC2 P 50ml
433,433,433,33790633,BIO BAUM LEV NUTR CULT BIO2 10ML
434,434,434,33790633,EDP FLOWERPARTY BY NIGHT 50ML
435,435,435,33790633,SVC 3en1  nutritotal T150ml
436,436,436,33790633,EDT  UN MATIN AU JARDIN  100ML  MUGUET
437,437,437,34311187,LAIT 3EN1 PROTECTYL AP SOL FL150
438,438,438,34311187,GELEE HYDRAT YX HYDRA/VEG 15ML
439,439,439,34311187,EAU MICELLAIRE HYDRATANTE 200ML
440,440,440,34311187,SPRAY 3EN1 IP30 FL150 PROT VEG
441,441,441,34311187,SVC BAUME GRAND FROID pot 50ml
442,442,442,35229370,EDT NOIX DE COCO PN2 20ML
443,443,443,35363684,EDT MURE PN2 20ML
444,444,444,35473166,GLOSS SEXYPULP CRISTAL 08 CN3 10ML
445,445,445,35709912,BAUME LEVRES REPAIR 4G
446,446,446,35709912,CD JDM4 AMANDE  FL 200ML
447,447,447,35709912,CD JDM4 AMANDE  FL 200ML
448,448,448,36113648,CREME MAINS FRUITS NOIRS T75 ML
449,449,449,36113648,CREME MAINS T75 ml FRUITS ROUGES
450,450,450,36113648,EDT  POIRE CARAMEL  PN 100ML  VPM
451,451,451,36113648,CREME MAINS CACAO ORANGE T75 Ml
452,452,452,36294939,CR JR PARF BIO.SPE AC.SENT.50ML
453,453,453,32988460,CD JDM4 AMANDE  FL 200ML
454,454,454,32988460,GD JDM GRENADE FL200ML
455,455,455,32988460,GD JDM COTON D'INDE FL200ML
456,456,456,32988460,GD FL200ML JDM PAMPLEMOUSSE
457,457,457,32988460,GD JDM4 ORANGE FL 200ML
458,458,458,33399976,CR JOUR PX/MIX HYDRA/VEG P50ML
459,459,459,33465747,FDT RAYON JEUNESSE BEIGE200 CN3 30ML
460,460,460,33608523,LE PARFUM   EVIDENCE  VAPO 30ML
461,461,461,34125829,CR JOUR PX/MIX HYDRA/VEG P50ML
462,462,462,34145767,CR JOUR PX/MIX HYDRA/VEG P50ML
463,463,463,34145767,HYDRA TONIQUE FL 200ML
464,464,464,34145767,GEL NETT HYDRA VEG T125ML
465,465,465,34674704,EDT  75ML COLLECTION ETE  2014
466,466,466,34674704,PORTE MINE VIOLET 04 CN3 0.3G
467,467,467,34962304,CR JOUR PX/MIX HYDRA/VEG P50ML
468,468,468,34962304,HYDRA TONIQUE FL 200ML
469,469,469,34962304,GEL NETT HYDRA VEG T125ML
470,470,470,34962304,GD JDM4 TIARE FL 200ML
471,471,471,34962304,GD JDM4 TIARE FL 200ML
472,472,472,34962304,GD JDM4 LOTUS FL200ML
473,473,473,34962304,GD JDM4 CIT VERT FL 200ML
474,474,474,35034207,GD JDM4 TIARE FL 200ML
475,475,475,35493723,CR JOUR PX/MIX HYDRA/VEG P50ML
476,476,476,35493723,CR HYDRATAT SPF25 HYDR/VEG 50ML
477,477,477,35961021,FDT RAYON JEUNESSE BEIGE000 CN3 30ML
478,478,478,35961021,CONTOUR YEUX 15ml SV40
479,479,479,36364001,EDP MOMENT DE BONHEUR VAPO 50ML
480,480,480,33382801,AB SVA Soin Lift Vis T50 INTER
481,481,481,34095074,AB SVA Soin Lift Vis T50 INTER
482,482,482,35942197,SVC PIEDS CR DEO 12H T50ML
483,483,483,35942197,LINGETTES CALMILLE 2013
484,484,484,35942197,AB SVA Soin Lift Vis T50 INTER
485,485,485,33683926,GD JDM4 TIARE FL 200ML
486,486,486,33779829,"VAO BRIL BEIG/NACR52 AX/SO CN3 5,5ML"
487,487,487,33779829,SVC CREME QUOTIDIENNE T75ml
488,488,488,33779829,CD JDM4 COTON  FL 200ML
489,489,489,33863098,DEO JDM4 AMANDE FL 50 ML
490,490,490,32972303,SOIN 3en1 SENSITIVE YRmen 50ml
491,491,491,32972303,FRAICHEUR SH DCHE CHEVREF 200
492,492,492,32972303,SVC VOLUME SH 300ML
493,493,493,32972303,BAUME NOUR CACAO FRAMB NOEL COLL 4G
494,494,494,32972303,GLM 300ML CACAO ET FRAMBOISE
495,495,495,32972303,SVC CR MAINS ET ONGLES T75ml
496,496,496,32972303,GEL NETT. PC 200ML
497,497,497,33464526,CD JDM4 MACADAMIA FL 200ML
498,498,498,33464526,DEMAQ EXPRESS PUR BLEUET FL125ML
499,499,499,33464526,DEMAQ+TONIQUE PC 200ML
