,item_libelle
0,2013 GD PARFUME F200 ML EVIDENCE
1,25 LINGETTES DEFROISSANTES SV
2,AB SVA BRUM EXPR CORP FL150ML
3,AB SVA JAMBES D'ETE  T75 INTER
4,AB SVA Soin Lift Vis T50 INTER
5,BASE ONGLES LISS/LUMIN MANUC CN3 10ML
6,BASE ONGLES RENFORCES MANUC CN3 10ML
7,BAUME JR/NT RC OMEGA 50ml
8,BAUME LEVR SENT FRAMBOISE 4G
9,BAUME LEVRES HYDRA 4G
10,BAUME LEVRES NOIX DE COCO 4G
11,BAUME LEVRES NUTRI 4G
12,BAUME LEVRES REPAIR 4G
13,BAUME LEVRES VANILLE 4G
14,BAUME NOUR CACAO FRAMB NOEL COLL 4G
15,BAUME NOUR LEV FRUITS NOIRS OS14 4G
16,BAUME NOUR LEV FRUITS ROUGES OS14 4G
17,BAUME TRAD DE HAM P150ml
18,BD FRAISE PN2 FL400ML
19,BD FRAISE PN2 FL50ML
20,BD FRAMBOISE PN2 FL50ML
21,BD MURE PN2 FL400ML
22,BD MURE PN2 FL50ML
23,BD OLIVE PN2 FL400ML
24,BD OLIVE PN2 FL50ML
25,BD PECHE PN2 50ML
26,BD PECHE PN2 FL400ML
27,BD PN VANILLE FL50ML
28,BIO BAUM LEV NUTR CULT BIO2 10ML
29,BIO BAUME LEVRES REPARATEUR 10ML
30,BIO DEO FRAICHEUR BILLE FL50ML
31,BIO FLUIDE REVEIL REGARD TB15ML
32,BIO GD FRAICHEUR FL200ML
33,BIO GEL DOUCHE ARGAN 200 ML
34,BIO GOMMAGE  CORPS T150ML
35,BIO LAIT ONTUEUX DEMAQ 200ML
36,BIO MIEL DOUCHE 200ML
37,BIO NUT CR NUT MAINS CULT BIO2 50ML
38,BIO NUTR VISAGE CULT BIO2 50ML
39,BLUSH NAT MAT/ABRICOTE CN3 7G
40,BLUSH SOLEIL CUIVRE ETE14 ANI LU4 2G
41,CD JDM4 AMANDE  FL 200ML
42,CD JDM4 CAFE FL 200ML
43,CD JDM4 COTON  FL 200ML
44,CD JDM4 MACADAMIA FL 200ML
45,CD JDM4 MAGNOLIA FL 200ML
46,CD JDM4 RIZ VIOLET FL200 ML
47,CD PN POIRE CARAMEL FL50Ml
48,COLLECTOR CREME DOUCEUR PC 125
49,CONTOUR YEUX 15ml SV40
50,CR CORPS FONDANTE P150ml NOEL1
51,CR HYDRATAT SPF25 HYDR/VEG 50ML
52,CR JOUR PX/MIX HYDRA/VEG P50ML
53,CR JOUR/NUIT PC pot50
54,CR JR PARF BIO.SPE AC.SENT.50ML
55,"CRAY FAP JUMB UHT ROSE/TAUP11 LU4 3,25G"
56,"CRAY KHOL NOIR 81 LUM4 1,3gr"
57,CRAYON REGARD ANTHRACIT CN3 1.3G
58,CRAYON REGARD BRUN CN3 1.3G
59,CRAYON REGARD NOIR CN3 1.3G
60,CREME MAINS CACAO ET ORANGE 75ML
61,CREME MAINS CACAO ORANGE T75 Ml
62,CREME MAINS FRUITS NOIRS T75 ML
63,CREME MAINS T75 ml FRUITS ROUGES
64,CUBE DE BAIN MURE PN2 20G
65,CUBE DE BAIN PECHE PN2 20G
66,D LOTUS DU LAOS JDM3 200ML
67,DEMAQ EXPRESS PUR BLEUET FL125ML
68,DEMAQ+TONIQUE PC 200ML
69,DEO 100ML   AMBRE NOIR
70,DEO AERO SENTEUR NATURE 75ML
71,DEO JDM4 AMANDE FL 50 ML
72,DEO JDM4 COTON  FL50ML
73,DEO JDM4 LAVANDIN FL50ML
74,DEO JDM4 LOTUS FL50ML
75,DISSOLVANT FLACON MANUC CN3 100ML
76,DOUCH GOMMANTE FRUITS NOIRS T 200 ML
77,DUO PDRE HAL/MAT02 AX/SOLA CN3 20G
78,EAU DE SOIN VEGETALE 100ML
79,EAU MICELLAIRE 3 THES FL200ML
80,EAU MICELLAIRE HYDRATANTE 200ML
81,EDC FRAICHEUR VERVEINE 125ML
82,EDC THE VERT VAPO 125ML  F . V
83,EDP  SO  ELIXIR VAPO 30ML
84,EDP EVIDENCE VAPO 100ML
85,EDP FLOWERPARTY BY NIGHT 30ML
86,EDP FLOWERPARTY BY NIGHT 50ML
87,EDP JASMIN SE VAPO 30ML
88,EDP MOMENT DE BONHEUR VAPO 50ML
89,EDP NEROLI SECRETS ESSENCES 30ML
90,EDP QQUES NOTES D'AMOUR  30ML
91,EDP QQUES NOTES D'AMOUR 50ML
92,EDT  75ML COLLECTION ETE  2014
93,EDT  POIRE CARAMEL  PN 100ML  VPM
94,EDT  UMAJ  100ML  CERISIERS EN FLEURS
95,EDT  UN MATIN AU JARDIN  100ML  MUGUET
96,EDT EVIDENCE HOMME  VAPO 75ML
97,EDT MURE PN2 20ML
98,EDT NOIX DE COCO PN2 20ML
99,EDT PN2 PECHE 20ML
100,EDT UN MATIN AU JARD 100ML FL. D'AGRUMES
101,EDT UN MATIN AU JARDIN 100ML LILAS
102,EDT UN MATIN AU JARDIN 100ML ROSE
103,EDT VAPO 75ML HOGGAR
104,EVIDENCE L' EAU 75ML
105,EXFOLIANT TRAD DE HAM P150ml
106,EYE LINER NOIR 02 CN3 2.5ML
107,"EYE LINER NOIR 81 LUM4 2,5ML"
108,EYE LINER NOIR CN3 2.5ML
109,FAP DUO 2012 CN3 3G PRUNE ET TAUPE PDRE
110,"FAP MONO 2013 CN3   2,5G   ROSE NUDE"
111,"FAP MONO 2013 CN3 2,5G BRUN CACAO"
112,FAP MONO 2013 CN3 ORANGE FLASH MAT  2G
113,FAP PDRE VERT CANARD 2G  LUMINELLE 4 VPM
114,FDT FL/MAT ROSE300 MEDIUM CN3 30
115,FDT PUR LIGH BEIGE 200 TT CLAIR CN3 30ML
116,FDT PUR LIGH ROSE 200 TT CLAIR CN3 30ML
117,FDT RAYON JEUNESSE BEIGE000 CN3 30ML
118,FDT RAYON JEUNESSE BEIGE200 CN3 30ML
119,FEUTRE LINER NOIR 01 CN3 1.2G
120,FRAICHEUR CHEVREF EDC 125ML
121,FRAICHEUR SH DCHE CHEVREF 200
122,GD 200ML AMBRE NOIR
123,GD AGRUMES FP FL 200 ML
124,GD CACAO ORANGE 200 Ml
125,GD EVIDENCE HOMME T200ML
126,GD FL200ML JDM PAMPLEMOUSSE
127,GD FLEUR DE TIARE JDM3 200ML
128,GD GOMMANT FRAMBOISE T200 ML
129,GD GOMMANT MURE T200 ML
130,GD GOMMANT PECHE T200 ML
131,GD GOMMANT VANILLE T200 ML
132,GD JDM COTON D'INDE FL200ML
133,GD JDM GRENADE FL200ML
134,GD JDM LAVANDIN PROVENCE FL 200ML
135,GD JDM4 CIT VERT FL 200ML
136,GD JDM4 GRENADE FL200ML
137,GD JDM4 LAVANDIN DE PROVENCE 200ML
138,GD JDM4 LOTUS FL200ML
139,GD JDM4 ORANGE FL 200ML
140,GD JDM4 PAMPLEMOUSSE FL 200ML
141,GD JDM4 THE VERT FL200ML
142,GD JDM4 TIARE FL 200ML
143,GD LILAS FP FL200ML
144,GD Paillete 250ML FUNTASTIC
145,GD ROSE FP FL200ML
146,GD VANILLE COLLECTOR 750ML 2013
147,GD VANILLE ED OR 400ML 2013
148,GEL ANTI BRILLANCE GINS T50ml
149,GEL DEFATIG ENERGIE FL 50ML
150,GEL DOUCEUR MAINS HAMAM FL300ML
151,GEL DOUCHE ETE 2014 200 ML
152,GEL DOUCHE FRAICHEUR VETIVER 200ML
153,GEL DOUCHE LOVE FI 200 ML
154,GEL LAVANT MAINS CACAO ORANGE F200 Ml
155,GEL LAVANT MAINS F200 FRUITS ROUGES
156,GEL LAVANT MAINS F200ML FRUITSNOIR
157,GEL MOUSS FL200 VERVEINE FV
158,GEL NETT HYDRA VEG T125ML
159,GEL NETT. PC 200ML
160,GEL NETTOYANT PURIFIANT 125 ML
161,GELEE HYDRAT YX HYDRA/VEG 15ML
162,GLM 300ML CACAO ET FRAMBOISE
163,GLM 300ML CACAO ET PISTACHE
164,GLM JDM FLEUR DE LOTUS FP200ML
165,GLOSS SEXYPULP CRISTAL 08 CN3 10ML
166,GLOSS SEXYPULP NUDE ROSE 06 CN3 10ML
167,GM 200ml FRUITS ROUGES
168,GM FRUITS NOIRS 200 ML
169,GOMMAGE DOUCEUR PURE CAL 75ml
170,GRAND SOIN RICHE CREME P75ml
171,HUILE DOUCHE TRAD DE HAM. FL200ML
172,HUILE Pailletee150ML FUNTASTIC
173,HUILE SECHE MDT 125 ML
174,HUILE SECHE SUBLIMANTE 100 ML SVC
175,HYDRA LAIT DEMAQ FL200ML
176,HYDRA TONIQUE FL 200ML
177,LAIT 3EN1 PROTECTYL AP SOL FL150
178,LAIT AGRUMES FP FL200ML
179,LAIT CORPS 300ML CACAO  PISTACHE
180,LAIT CORPS CERISIER UMAJ FL200ML
181,LAIT DEMAQ 2010 SV FL200ML
182,LAIT DOUCHE TRAD DE HAM FL200ML
183,LAIT LILAS FP FL200ML
184,LAIT MURE PN2 FL50ML
185,LAIT PECHE PN2 FL50ML
186,LAIT ROSE FP FL200ML
187,LAIT VELOUTE COCO PN2 400ML
188,LE PARFUM   EVIDENCE  VAPO 30ML
189,LINGETTES CALMILLE 2013
190,LISSAGE AP SHAMPOING LISSANT 150ML SVC
191,LOTION FLORALE PC 200ML
192,LOTION PORE MINIMIZER 150ML
193,LOTION SV 2010 FL200ML
194,MASC VOLUME BRUN CN3 2009 5ML
195,MASC WATER NOIR 01 AX/SO CN3 9ML
196,"MASCARA BEAUTE BRUN 71 LUM4 6,5ML"
197,"MASCARA BEAUTE NOIR 81 LUM4 6,5ML"
198,MASCARA DEPLOYE NOIR 01 CN3 9ML
199,MASCARA LONG NOIR 01 CN3 8ML
200,MASCARA SOIN NOIR01 2014 CN3 9ML
201,MASQUE PURE SYSTEM T50 50ML
202,MDT HUILE SECHE PREC VPM 100ML
203,MDT HUILE TIARE TRAD VPM 100ML
204,MDT SD DES LAGONS 150 ML
205,MONOI EAU HYDRA PARF FP 125 ML
206,MSQ CRANBERRY BTE CROQUER T50
207,NETTOYANT DESINCRUSTANT 125ML
208,OMBRE+LINER LAPIS/LAZULI CN3 4ML
209,PC TEINT BEIGE MOYEN  10G LUMINELLE 4
210,PDRE HAL/LEGER01 AX/SOLA CN3 20G
211,PETIT SAVON PECHE PN 50G VPM
212,PORE MINIMIZING SERUM SEBOV 30ML
213,PORTE MINE CUIVRE 06 CN3 0.3G
214,PORTE MINE NOIR 01 CN3 0.3G
215,PORTE MINE TURQUOIS 05 CN3 0.3G
216,PORTE MINE VERT 03 CN3 0.3G
217,PORTE MINE VIOLET 04 CN3 0.3G
218,"PORTE MINE YX ANTHRACITE CN3 0,3G"
219,POUDRE MATITE CLAIR CN3 8G
220,POUDRE MATITE MAT CN3 8G
221,RAL BRILL CERISE NOIRE52 CN3 3.5G
222,RAL BRILL MARRON GLACE12 CN3 3.5G
223,RAL BRILLANC GEL/PRALIN CN3 2G
224,"RAL CORAIL 22 LUMINELLE4 3,5G"
225,"RAL GRAND RGE ROS/EQUIV73 CN3 2013 3,7G"
226,"RAL GRAND RGE VIOL/PROF23 CN3 2013 3,7G"
227,"RAL ROSE BONBON 11 LUM4 3,5G"
228,"RAL ROSE SORBET 13 LUM4 3,5G"
229,REPACK AR BIEN JOUR RC2 P 50ml
230,REPACK AR BIEN NUIT RC2 P 50ml
231,REPACK CONTOUR YEUX RC2 P15ml
232,REPACK SHP BRIL ECOLABEL 300ML
233,REPULPEUR EXTREME  SV3 30ML
234,RIDES+FERMETE JOUR P50ml SV40
235,ROLL ON REGARD ELIXIR7.9 t15ml
236,RetE Roll-on rajeunissant SV15
237,SH. DOUCHE NATURE HOMME 200ML
238,SOIN 3en1 SENSITIVE YRmen 50ml
239,SOS MAINS PROPRE T30ML SVC
240,SPRAY 3EN1 IP30 FL150 PROT VEG
241,SVC 3en1  nutritotal T150ml
242,SVC ANTIPELL SH TRAITANT FL200ML
243,SVC BAUME GRAND FROID pot 50ml
244,SVC CR MAINS ET ONGLES T75ml
245,SVC CREME NOURRISSANTE T50ml
246,SVC CREME QUOTIDIENNE T75ml
247,SVC DEMEL 3EN1 SH 300ML
248,SVC DOUCEUR SH 300ML
249,SVC ECLAT COULEUR AP SH 150ML
250,SVC NUTRITION AP SH 150ML
251,SVC NUTRITION SH 300ML
252,SVC PIEDS CR DEO 12H T50ML
253,SVC PIEDS SOS P ECHAUF T50ML
254,SVC REFLETS SH REF DOR FL200ML
255,SVC REP LAIT REP T150ML
256,SVC SHAMP ANTIPEL FL300ML
257,SVC VOLUME SH 300ML
258,SVC pieds gommage T50ml
259,UMAJ GD CERISIERS FL200ML
260,UMAJ GD MUGUET FL 200ML
261,UMAJ LAIT MUGUET FL 200ML
262,VAO BLANC PERLE03 IT/COL FEV14 LU4 3ML
263,VAO BLEU NUIT 51 LUMINELLE4 3ML
264,"VAO BRIL BEIG/NACR52 AX/SO CN3 5,5ML"
265,"VAO BRIL CERISE NOIRE113 ETE14 CN3 5,5ML"
266,VAO BRIL ORANGE CHAUD43 ETE13 CN3 5.5 ML
267,VAO BRIL ROSE SOMPTUEUX 14 CN3 5.5ML
268,VAO BRILL 2011 ROUGE 101CN3 5.5
269,VAO BRILLANCE BRUN PEAU CN3 5.5ml
270,VAO BRILLANCE ROUG/GRENAD CN3 5.5ml
271,VAO BRILLANCE ROUILLE 35 CN3 5.5ML
272,VAO CERISE NOIRE 32 LUM4 3ML
273,VAO OMBRE POURPRE 43 IT/COL AOU14 L4 3ML
274,VAO ORANGE SANGUINE 21 LUM4 3ML
275,VAO PARME 41 LUMINELLE4 3ML
276,VAO ROSE SORBET 12 LUM4 3ML
277,VAO ROUGE GROSEILLE 31 LUM4 3ML
278,VAO VERT CANARD 61 LUM4 3ML
279,VOILE DE TT MAT/NATUR 03 LU4 30ML
280,ZERO TRACE SPRAY SPF 15 FL150
281,x99SS GELEE FRUITS VANIL PN2 10ML
